Attendance,Past_Marks,Activities_Score,Risk_Label
37.454011884736246,18.513292883861965,2.6170568373590597,1
95.07143064099162,54.190094737835814,2.469787990719998,1
73.1993941811405,87.29458358764083,9.062545805210366,0
59.86584841970366,73.22248864095612,2.495461998495061,1
15.601864044243651,80.65611478614497,2.71949726128631,1
15.599452033620265,65.87833667107174,7.593982624179637,1
5.8083612168199465,69.22765645178525,4.4973984245054,1
86.61761457749351,84.91956515653193,7.767105569551812,0
60.11150117432088,24.966800885918595,0.6536615756438524,1
70.80725777960456,48.942496364314046,4.875711936733843,0
2.0584494295802447,22.120944181960223,0.3361360018328263,1
96.99098521619943,98.7668007996647,0.6265320345535452,1
83.24426408004217,94.40593396866133,9.06437453344411,0
21.233911067827616,3.94268113685059,1.3924537111759516,1
18.182496720710063,70.55751725156884,5.324206822752171,1
18.34045098534338,92.52483174156659,4.110956026007066,1
30.42422429595377,18.057534512733355,3.4734332625884266,1
52.475643163223786,56.79452305526295,8.998333456872725,0
43.194501864211574,91.54882975880419,0.218233967754895,1
29.122914019804192,3.394597858579884,6.637896861755891,1
61.18528947223795,69.742026724684,9.633944342135504,0
13.949386065204184,29.734900737255078,5.60168183461842,1
29.214464853521815,92.43961953765304,9.368224620330919,1
36.63618432936917,97.10582451653677,0.5225787928602377,1
45.606998421703594,94.42664891134339,4.187933190741614,1
78.51759613930136,47.42142166574638,2.6015779096205116,1
19.967378215835975,86.20426509893134,7.3082096498072975,1
51.42344384136116,84.45493985350704,9.812970904972467,0
59.24145688620425,31.910047324325564,2.565300624442478,1
4.645041271999773,82.89154741506773,6.5417460147407445,1
60.75448519014384,3.700763471549262,1.9809763275974013,1
17.052412368729154,59.6269878482053,5.653302545716099,1
6.505159298527952,23.000883728770305,4.639324866883362,1
94.88855372533332,12.056688577727881,9.72005329631537,1
96.56320330745594,7.695320162920916,6.085272726964666,1
80.83973481164611,69.62887758781397,3.495063720868188,0
30.46137691733707,33.98749637680661,1.1409578488793337,1
9.767211400638388,72.47667715287615,1.5124682873493456,1
68.42330265121569,6.535634079894237,2.2531692995123507,1
44.01524937396013,31.529033783061035,2.50966661340298,1
12.203823484477883,53.949129237533725,8.506160578411379,1
49.51769101112702,79.07231648389636,5.612227882825249,1
3.4388521115218396,31.875250293206992,5.233909113743664,1
90.9320402078782,62.58913764370091,1.1476887186921747,1
25.87799816000169,88.5977748236187,8.60139693349435,1
66.2522284353982,61.58631881823046,7.228143032084837,0
31.171107608941096,23.295947475363377,0.6766836190000158,1
52.00680211778108,2.440078155653802,7.078350972297686,1
54.67102793432797,87.00988739009298,5.4353821734264605,0
18.485445552552704,2.126941085038714,0.8172534574677826,1
96.95846277645586,87.47016726841994,4.583006415286564,0
77.51328233611146,52.8937134027212,4.8469628713004695,0
93.9498941564189,93.90676985128962,1.6577454016327575,1
89.48273504276489,79.87832357736654,9.456981470002823,0
59.78999788110851,99.79341105333374,8.49975371480662,0
92.18742350231169,35.071181545171015,6.690223373291083,1
8.84925020519195,76.71882889311269,4.622955610006072,1
19.59828624191452,40.193091360924214,4.1176554158450855,1
4.522728891053807,47.98756203039088,6.509734671509541,1
32.53303307632643,62.75054632183701,5.4543186940690545,1
38.8677289689482,87.36771141863387,0.6227310588188562,1
27.134903177389592,98.40834691992951,5.125026487703317,1
82.87375091519293,76.82734138645182,8.064036172328395,0
35.67533266935893,41.77667821673337,4.59239877596958,1
28.093450968738075,42.13570022770702,0.5195657755426841,1
54.26960831582485,73.75823015888915,7.862781993840331,0
14.092422497476264,23.877714576830233,2.013637821359744,1
80.21969807540397,11.047411313139467,2.5862083488803878,1
7.455064367977082,35.462215764077655,1.647063534322959,1
98.68869366005173,28.723899165408174,3.302150648714975,1
77.22447692966574,29.630812045599008,7.56751505688635,1
19.87156815341724,23.360775104990992,5.193858595039373,1
0.5522117123602399,4.209318963636188,2.048812741507126,1
81.54614284548342,1.787393473341381,8.778300781520409,1
70.68573438476172,98.77223897360315,8.795818549515293,0
72.90071680409874,42.77731337358623,8.70578425046007,0
77.12703466859458,38.432664715968166,2.3879621138153926,1
7.4044651734090365,67.96472826930699,4.512393441809881,1
35.84657285442726,21.825388786506416,9.849896561408752,1
11.586905952512971,94.99611839502253,7.7201247630999035,1
86.31034258755935,78.6345014415552,0.2716742122555982,1
62.329812682755794,8.94110023122595,0.6520459126049205,1
33.08980248526492,41.75807757849284,4.639313768123328,1
6.355835028602364,87.91183075621647,9.092202058615602,1
31.09823217156622,94.47320222914102,5.387017979527142,1
32.518332202674706,46.74015112498697,4.9781250803429025,1
72.96061783380641,61.34113892107077,1.0547369995663058,1
63.75574713552131,16.70339460920752,6.5678010472429404,1
88.72127425763266,99.11686261369765,8.221031606002255,0
47.22149251619493,23.16717013834434,3.8042000750756233,1
11.959424593830171,94.27317741351257,7.756118509253275,1
71.3244787222995,64.96466489923685,9.644766539008117,0
76.07850486168974,60.773679487885914,2.037664591276891,1
56.127719756949624,51.26885110165086,5.233296311947413,0
77.0967179954561,23.06698117177587,2.8713795808457556,1
49.379559636439076,17.652803200550828,7.9285441903383935,1
52.27328293819941,22.048620907017536,5.775933658811575,1
42.75410183585496,18.643826214425452,6.345824175503037,1
2.541912674409519,77.95844735667534,7.979141596158941,1
10.789142699330444,35.01252591667301,3.959704726624549,1
3.142918568673425,5.784267656339637,9.150900684070432,1
63.64104112637804,96.91026301408114,5.3302886724614,0
31.435598107632668,88.37858849634257,1.57954822835348,1
50.85706911647028,92.77522831952129,6.958991181688025,0
90.7566473926093,99.49078226464353,7.9326135043825445,0
24.929222914887493,17.38952492194873,3.1676167706752665,1
41.038292303562976,39.62420189026587,8.57179256998753,1
75.55511385430486,75.82384757040913,9.061432547657663,0
22.879816549162246,69.60206180537922,2.769044873778089,1
7.697990982879299,15.389590633985506,9.83521472715222,1
28.9751452913768,81.58331249906178,1.4071152804875842,1
16.122128725400444,22.444057183666068,2.0201566840249,1
92.96976523425731,22.38176148226231,1.8422483923802613,1
80.8120379564417,53.69744228934136,8.939897100078705,0
63.34037565104234,59.293993484170315,6.542925523249618,0
87.14605901877177,58.00862078378112,1.5210428322227287,1
80.36720768991145,9.148683739775487,4.40323418368349,1
18.657005888603585,87.74608626303804,6.15298025069802,1
89.25589984899777,26.560004258870606,0.8346408498938329,1
53.93422419156507,12.951492128280417,8.824163684073387,1
80.74401551640625,88.87480798689772,8.036035354415352,0
89.60912999234932,95.56514982297534,5.052067735766382,0
31.800347497186387,86.21276172654507,9.671266152591704,1
11.005192452767677,80.95160747248781,4.177609792750997,1
22.793516254194166,65.52419806390218,9.841103190364977,1
42.71077886262563,55.08573706091393,6.67919998803627,1
81.80147659224932,8.698675991141014,6.346712732539414,1
86.07305832563435,40.845321307069874,1.65954895295785,1
0.6952130531190703,37.2688517012314,8.81927758304644,1
51.07473025775657,25.97537837603262,4.2748968792061515,1
41.7411003148779,72.3420113688585,1.6223340578247936,1
22.210781047073024,49.58757350787708,0.1260751997575904,1
11.98653673336828,8.104621590764793,5.597556836383825,1
33.7615171403628,22.018320194981133,5.2739962212267635,1
94.29097039125192,68.32587636595959,7.193536223691586,0
32.320293202075526,7.613085949030019,8.902580530178021,1
51.87906217433661,85.12069140487687,0.7940658464302952,1
70.30189588951778,49.51465270139743,7.314964903403624,0
36.3629602379294,48.0586577326648,1.8741194409758222,1
97.17820827209607,59.24077846595176,8.581770531571639,0
96.24472949421113,82.46809659251491,8.19063513861656,0
25.178229582536417,34.780920790219305,5.407937549855443,1
49.72485058923854,67.80161525590636,7.102427986233115,1
30.087830981676966,56.5731963995791,3.1435011318374837,1
28.484049437746762,26.70282701694213,4.7116789893281465,1
3.6886947354532795,87.8629986355158,8.216368977104716,1
60.956433397989684,79.74260216069281,4.592651971732139,0
50.26790232288615,65.84518346584255,3.577982653254418,0
5.147875124998935,85.05817290942419,4.942124472502999,1
27.864646423661142,86.72942009598023,8.282492524372184,1
90.82658859666537,70.83629767150347,3.3520804737087273,0
23.95618906669724,83.7013328363672,1.737615931357438,1
14.48948720912231,69.74714616692836,7.120140203307807,1
48.9452760277563,68.01407717603004,8.259782127080818,1
98.56504541106007,61.86113782151843,1.0063747852353333,1
24.20552715115004,75.27166395576413,2.3987411275594472,1
67.21355474058785,15.86051052930737,1.419719897609939,1
76.16196153287176,88.08707591989284,3.4794141158216663,0
23.763754399239968,87.1843527745232,4.503509789054126,1
72.82163486118596,2.9247283034559146,7.4882633696330645,1
36.77831327192532,82.58167505647627,6.511475848816741,1
63.23058305935795,12.886986747344519,6.2092856747843115,1
63.35297107608947,33.51188542591419,3.523749466096544,1
53.57746840747585,74.35082562916078,8.4144755308476,0
9.02897700544083,16.07598960483082,4.712871673981645,1
83.5302495589238,81.79670241190622,9.791049380151545,0
32.07800649717358,83.21341779577419,6.3414213829573685,1
18.651851039985424,50.746773376083624,1.2626474156450274,1
4.077514155476392,0.638587171683358,6.7617756207543405,1
59.08929431882418,28.703813317491278,3.25104015431699,1
67.75643618422824,61.69269183757422,6.8632719668609745,0
1.6587828927856152,98.11861780274235,0.6964114816240574,1
51.2093058299281,63.18135270166684,1.7488143717595939,1
22.649577519793795,25.98035810641598,8.557372589057863,1
64.51727904094498,63.40057030996113,2.271795570235149,1
17.436642900499145,53.99853797158555,8.3704112524294,1
69.09377381024659,77.98453951511436,2.792760884544104,1
38.67353463005374,10.698063882695841,6.428819100587076,1
93.67299887367345,76.1027902502028,6.9415057350983105,0
13.752094414599325,54.12665786761103,5.126547531450529,1
34.10663510502585,96.29920038589947,3.053106766967313,1
11.347352124058908,34.187216603868606,2.126443763710961,1
92.46936182785628,63.26218931339481,0.3318935456242622,1
87.7339353380981,93.20281055100175,3.039464012407238,0
25.79416277151556,10.250972799067926,6.53162790531283,1
65.99840460341791,93.72284872364511,9.383048184484826,0
81.72222002012158,68.78857223008133,8.71204482263052,0
55.52008115994623,6.78370591051719,7.660647765353026,1
52.965057835600646,30.096356694681624,7.884473432532987,1
24.18522909004517,70.81720886452815,6.649849034759953,1
9.310276780589922,6.73506014687717,2.60286857566003,1
89.72157579533267,58.217046017627325,9.071950307058298,0
90.04180571633304,34.588305695295674,6.707323119058341,1
63.31014572732679,62.091551776747714,5.6044063098044,0
33.90297910487007,4.5742033812512854,1.1098946921348107,1
34.92095746126609,87.15368061523763,4.470555438064254,1
72.59556788702393,97.3488969177397,4.6035827120192625,0
89.71102599525771,96.88778552856915,8.645636095226699,0
88.70864242651173,74.96518317429248,5.466482201877884,0
77.98755458576238,13.008624013063198,3.8040054897040965,1
64.20316461542878,75.82631959290225,9.768003285106593,0
8.413996499504883,2.458691645880151,1.1072059332631567,1
16.162871409461378,2.2123551528997254,4.225484283119446,1
89.85541885270793,32.36102191495412,0.4202467517140529,1
60.642905965958995,48.864319040466576,7.3990412076693035,0
0.9197051616629648,77.04074178077931,9.180765521991507,1
10.147154286603211,68.32953766065052,2.8003732955048943,1
66.35017691080559,44.590270637674834,8.583416767991208,0
0.5061583846218687,27.362666628166586,2.9221823046189774,1
16.080805141749867,99.71245001577111,9.107701616439153,1
54.87337893665861,42.6181302235973,7.5396190359678394,0
69.18951976926932,45.13870243296755,8.049067768414385,0
65.19612595026005,16.362382119166917,0.180065556004545,1
22.42693094605598,79.48095487499293,9.62810357074026,1
71.2179221347536,69.36822257814886,7.266709920703232,0
23.724908749680008,22.07696127887604,3.047510953861333,1
32.539969815926774,8.238104561584269,8.29394664858847,1
74.64914051180241,68.0499302074713,2.8152119841492995,1
64.96328990472146,65.45112142811352,8.727538395661279,0
84.9223410494178,27.32595269982093,1.1258039041193701,1
65.76128923003434,95.08635622504103,7.036859774607958,0
56.830860333547164,15.105789178090024,5.406984766449103,1
9.367476782809248,43.23348010426019,0.9653447019544081,1
36.77158030594335,94.36159201675989,2.41893828258839,1
26.520236768172545,41.97273169261223,0.1240403627731479,1
24.398964337908357,63.85259476640856,4.687679654645058,1
97.30105547524455,39.75943979627943,3.0126526076000038,1
39.30977246667604,27.421520234867003,5.983574842977588,1
89.20465551771133,98.39776479598282,2.972378077086172,1
63.11386259972629,40.9334006315043,2.9991911150698467,1
79.48113035416485,89.40992036791344,7.431931987316034,0
50.26370931051921,22.995460589108617,0.4814283597835345,1
57.69038846263591,21.31047040250833,9.028949951919872,1
49.25176938188639,3.113408288451136,8.522638743911815,1
19.52429877980445,65.1666825375885,6.678046832264065,1
72.24521152615053,36.852634372376116,5.932215701073843,1
28.07723624408558,86.4358249839637,8.923024981396523,1
2.431596643145384,47.32099066915572,1.8533017952871444,1
64.54722959071678,96.81934279147217,0.7896916219082861,1
17.711067940704893,18.552551570312115,2.395101699095381,1
94.04585843529144,86.86231679556109,7.945782787001903,0
95.39285770025873,77.65968527917417,0.34670266726483323,1
91.48643902204485,77.0921844644052,5.828068350834896,0
37.01587002554444,84.47832281168877,9.954375161913099,1
1.5456616528867428,76.10239909429988,8.556960938375394,1
92.83185625877253,62.62203216314154,5.214456890435894,0
42.81841483173143,13.124487768238758,0.6364090928664234,1
96.66548190436696,3.2526179491251916,8.313735143857098,1
96.36199770892529,92.08478478156869,5.989785081772105,0
85.300945546736,61.665031452073805,1.1493299705956683,1
29.444889206958567,79.65372909761763,0.938572848233562,1
38.50977286019253,48.152235151255006,9.096268194365924,1
85.11366715168569,11.730818896239448,6.692002629380784,1
31.692200515627768,12.518579220255043,8.292867993167555,1
16.94927466860925,68.55652872289714,8.789789002822673,1
55.68012624583501,43.030589489946266,5.717723520483222,0
93.6154774160781,20.052472670033673,5.174463517550413,1
69.6029796674973,49.15945467414369,4.304274103209902,0
57.0061170089365,6.420893707513409,3.169465877911193,1
9.717649377076853,58.19714019143988,4.345959608587117,1
61.500722669916975,26.899340443509768,7.738796557301564,1
99.00538501042632,79.75591006371882,6.019234310151315,0
14.008401523652402,31.036195892357377,8.925232899548462,1
51.832965236373674,45.52201490818012,4.433800143791878,0
87.73730719279554,1.1620539908100636,6.07089578718754,1
74.07686177542044,7.244688779455888,6.313075530919887,1
69.7015740995268,39.24935564066848,5.916971623063255,1
70.24840839871092,47.99388347171235,7.026337730855163,0
35.94911512197552,60.00205481193037,2.374334683748063,1
29.359184426449335,29.166257870930323,5.123637775457906,1
80.93611554785136,69.49818861265426,1.0422480280834767,1
81.01133946791808,86.01223971892045,3.8451132764481253,0
86.70723185801037,77.98509888933498,4.876670686212644,0
91.32405525564712,3.9618825348357145,6.522242595454725,1
51.13423988609378,48.0506947257829,9.505310525862035,0
50.15162946871996,10.493017841817487,6.0065106654835585,1
79.82951789667752,24.204501586252746,7.435939161765598,1
64.99639307777652,98.66625932671465,5.062660594952027,0
70.19668772577033,14.249554290151323,6.341040313763314,1
79.57926694361011,49.888815345135605,0.7093221613377343,1
89.00053418175663,61.81557343181191,2.54391580841847,1
33.79951568515358,70.2464970544104,3.618530932051387,1
37.5582952639944,55.96486834869141,4.724933550065136,1
9.3981939840869,0.9770847419183659,0.45648745502383736,1
57.8280140996174,32.64613082439919,1.4002409755331768,1
3.5942273796742086,51.771164338471145,2.7681430779130576,1
46.55980181324602,8.786649914483336,9.715326909010507,1
54.26446347075766,35.06269312091808,3.3134700710305074,1
28.65412521282844,3.3203108791366565,4.820410581120825,1
59.08332605690107,7.857849715502074,1.9609771273839294,1
3.050024993904943,39.69232762015961,6.107800710757683,1
3.7348188749214417,13.271575404306034,2.806832155159743,1
82.26005606596583,56.75408482615582,2.0699257843842678,1
36.019064141126286,68.94649691372658,5.16572628445979,1
12.706051265188478,80.05866991090829,0.05505799160420821,1
52.224326005480435,20.01502442448101,0.07664032649225327,1
76.99935530986109,16.748258225906977,2.1906880910185778,1
21.582102749684317,10.456784033440025,0.3672136250082114,1
62.28904758190003,63.64302495436367,1.0802575413069138,1
8.5347464993768,70.64757264869012,3.388606493387516,1
5.16817211686077,3.1586144825642037,8.025856795798129,1
53.1354631568148,93.62122462436898,5.720486433693008,0
54.06351216101065,5.1971283651472415,5.126677259564164,1
63.742990149820656,54.12963353010704,2.9348882320812164,1
72.60913337226616,70.90605194509165,9.317537194328164,0
97.58520794625346,87.09691237460856,3.9701504123719165,0
51.630034830119534,71.40869321324278,0.8709276679577149,1
32.2956472941246,80.17280830697918,6.170665161178013,1
79.51861947687037,33.94501925428061,1.138383934766014,1
27.083225126207424,81.48251137465122,3.452231428016921,1
43.89714207056361,8.011484638467515,5.074119387178088,1
7.845638134226595,89.48166560605276,8.742225246851758,1
2.535074341545751,54.75923761537362,4.935465803401186,1
96.26484146779251,81.72977699624937,7.022587660316643,0
83.59801205122058,45.23182845183001,9.928168389990704,0
69.59742060936979,64.35776951965249,1.3148911989798162,1
40.89529444142699,52.640266093611324,2.747315255195195,1
17.329432007084577,73.15895217553319,3.945760755976464,1
15.643704267108605,8.162998203058958,4.218281785388314,1
25.024289816459532,6.03520839905638,4.110210752655457,1
54.92266647061205,24.710323401014644,9.07611002556555,1
71.45959227000624,15.954468011318834,7.140326444668564,1
66.01973767177313,87.17835665922017,6.079052140907038,0
27.993389694594285,21.92139873580443,3.093727178627821,1
95.48652806631941,97.58652558191314,8.237903842212948,0
73.78969166957685,33.68957917711069,9.550605114849889,1
55.43540525114007,18.211791568869927,8.211982825502265,1
61.17207462343522,78.96985071424791,0.01565105191472904,1
41.96000624277899,65.87077755008761,6.36401370183407,1
24.773098950115745,49.8195716453139,0.5113538144210072,1
35.597267865126156,55.53635509376312,2.5760722033372185,1
75.78461104643691,71.92017782722638,0.5952470034777169,1
1.4393488629755868,22.845474133129873,6.037954529493877,1
11.607264050691624,99.63339160567419,6.865899134926067,1
4.600264202175275,97.4793162146783,1.1448763806590512,1
4.072880231897013,65.03256863469369,3.838388830449795,1
85.54605840110072,19.954245092914512,4.562365089555421,1
70.36578593800236,68.02282424312914,3.690530217609166,0
47.41738290873252,7.219840897917584,1.2102500048519305,1
9.783416065100148,3.0652502205806065,4.1894779018747546,1
49.16158751168324,25.76828885112137,7.511780478084181,1
47.34717707805657,46.26229567393163,0.7100766453325547,1
17.320186991001517,86.82725054083805,0.8018001408190345,1
43.385164923797305,72.7169069766308,3.547712918359842,1
39.85047343973734,74.2706521199981,9.417257116189251,1
61.585009805221645,42.54933344480754,6.6857264672291405,0
63.50936508676438,34.59349925469629,6.786699566725648,1
4.530400977204452,37.10387629846027,3.6191999083786497,1
37.46126146264712,98.76495637360578,5.9366079120853845,1
62.58599157142364,4.010919141248248,0.10131184027743378,1
50.31362585800877,86.70314961224486,6.360960464095422,0
85.64898411883223,57.86754085723934,9.132869475762368,0
65.8693631618945,43.86154191895905,6.125734683448192,0
16.29344270814297,72.52576604151365,8.736985934663451,1
7.056874740042984,48.666894142470284,7.239730554660938,1
64.24192782063156,87.34232380816606,1.2055841640369025,1
2.6511310541621813,90.07018640112585,9.024533072858418,1
58.57755812734633,42.17209268734554,0.6644384435577488,1
94.02302414249576,27.682779723505156,5.3396747254776376,1
57.5474177875879,59.23503285933622,1.4213712379345766,1
38.816992620652194,91.2363345616691,0.11706610730904066,1
64.32882184423532,21.066218900566657,4.22034260127639,1
45.825289049151664,62.296658356348274,2.9504070765415626,1
54.56167893159349,63.156022009252055,4.86000493797603,0
94.14648087765252,73.3113022415281,5.771998867345508,0
38.610263780077425,13.15676851272598,0.4373907230894736,1
96.11905638239142,71.58249646820886,1.2300329512374564,1
90.53506419560637,90.9032520665641,5.586423964504253,0
19.579113478929642,17.968310887024195,3.4316735317265823,1
6.9361300875165455,23.754332492387764,7.29173487549448,1
10.077800137742665,97.13950940416396,6.522916485919397,1
1.8221825651549728,18.097695270948975,8.456043629899067,1
9.44429607559284,85.4385093369579,6.924928266692253,1
68.30067734163569,49.227785644803475,4.299310773901482,0
7.118864846022898,24.723107440317705,6.729666223944324,1
31.89756302937613,87.07499012725114,2.753811742554185,1
84.48753109694546,44.53052550026655,3.063134987782127,0
2.3271935735825866,51.48173539296902,7.889851599207933,1
81.44684825889358,35.92333693997657,4.4641951640158215,1
28.185477477339994,59.29508514349274,7.983803405183525,1
11.816482762165625,16.352387258502276,8.224223736682784,1
69.67371653641507,39.10815366517607,8.575623376612837,1
62.8942846779884,96.94123223352875,9.166352358412073,0
87.74720135270529,25.813343270112753,4.309852205132962,1
73.50710438038858,65.67366645412922,3.188668183211388,0
80.34809303848486,32.51900642246949,5.821987465941138,1
28.203457257130648,77.34731256866006,3.711724234376276,1
17.743954377972283,13.087366071834982,6.010741668002329,1
75.06147516408583,96.98210450785447,7.055858626438246,0
80.6834739267264,45.37895413836392,6.884050184921369,0
99.05051420006733,23.605046334646396,3.7455288702012135,1
41.26176769114265,7.349674733001265,1.6686020169875282,1
37.201808579278314,16.975790508754073,4.305293384622075,1
77.64129607419969,51.977394855601766,1.4259414408190874,1
34.08035402530179,33.70031764312863,8.900970351838083,1
93.07573256035647,82.88833658826094,3.458774607378574,0
85.84127518430118,43.08875236618059,1.5445974722332378,1
42.89940273750184,24.871427258762992,0.2544775990575088,1
75.08710677914974,61.714498660403,6.458223862864843,0
75.45428740846823,70.67772168854458,6.369023174547433,0
10.31238688359326,16.704190790094987,3.406041665812917,1
90.25529066795667,16.761921628831765,0.7171188884765101,1
50.525237244785714,3.667142693354297,4.096288948952321,1
82.64574661077417,73.64020150656405,3.1121749506339356,0
32.00496010306117,66.38045276218051,6.7712063973500936,1
89.55232284962005,47.46308757498139,6.057792494526904,0
38.92016787341631,84.41704489691972,3.6459372819754,1
1.083765148029836,80.56701529500532,2.178925542549901,1
90.53819764192636,58.535436439675216,9.880359661555918,0
9.128667678613356,86.82712805132586,4.540016211961149,1
31.93136375904149,20.584121003676824,6.88274235780237,1
95.0061967050805,11.191961939772789,1.4055296757836078,1
95.06071469375561,26.974961151698963,4.855896996593978,1
57.34378881232861,5.708685608931486,0.27536719869465487,1
63.183721216979926,53.1169528001032,5.054551179104499,0
44.84455219783198,93.66056922949615,9.640174071177023,1
29.321077169806454,3.9343540668509647,3.8420671298580023,1
32.8664545369916,12.21099140100268,0.38996012574911587,1
67.25184560770384,45.21990282834353,0.3095579091934353,1
75.237452943768,93.38750175279048,3.879867599468695,0
79.15790437258485,31.61561049767505,1.6002493646319405,1
78.96181427945538,50.723480868839246,0.23352096328185912,1
9.120610304869036,4.15728590503921,7.562136139501768,1
49.442030470258146,14.834320096208886,4.585230088818907,1
5.755876001664428,98.66301229588468,2.8924477197265452,1
54.95288823237355,96.51186964360456,9.000831830164808,0
44.1530501373377,0.49399809344096157,1.161389602005256,1
88.77041827582998,95.18117854232389,9.559188289553193,0
35.09150125520787,63.91199378155004,3.139667173773528,1
11.706701642760587,86.79182945200222,8.884036723086812,1
14.299168205283586,45.47398556338591,6.029428764794615,1
76.15106317174723,51.55960285792502,8.267073597414875,0
61.82180633162611,48.88465802569202,9.840131632104644,0
10.112267612279025,66.68642575461044,2.8840543781874572,1
8.410680611499743,13.96512547563129,9.61135485407593,1
70.096913145912,2.9973589872677953,3.8948189490242036,1
7.276300636419353,30.79299415911909,3.8551190473692234,1
82.18600592903562,70.46807627366466,3.403871042545057,0
70.62422271564962,20.185345212294838,5.414076073475852,1
8.134878064189976,67.34324333249174,1.541450431784871,1
8.483771408519193,96.99120461072704,5.537114853580112,1
98.66395785011754,9.39007157894184,5.41704812410004,1
37.427079575612034,67.26021182251263,7.6190181260487,1
37.06421470668909,44.375021930457116,8.336499619375855,1
81.27995672575025,86.81422543775054,4.404413503124241,0
94.72485773838586,17.71497894473859,3.0233324935149373,1
98.6001063822871,69.26259522261645,2.5933489731709445,1
75.33781852589416,83.81152896481102,1.9462383670487193,1
37.62595855309158,94.46142194740233,0.5764758219902488,1
8.350071669866876,68.32480282896458,3.424479788347133,1
77.71469159274368,49.71747640084273,2.7024769213078326,1
55.840424973580504,61.78472402012139,9.664173858664073,0
42.42220092469763,86.89049844787182,5.577088262500439,1
90.6354385094736,57.060974663882966,3.4727703903050755,0
11.119748230615134,3.038705969683686,5.80467600993696,1
49.262510429085914,93.09486955069778,1.391967013456955,1
1.1353644767419069,68.95267510315611,4.4404374920220295,1
46.86606419941263,67.65133857772466,6.262343214210638,1
5.630327568183735,21.567515239771716,4.888978317924514,1
11.881791626807193,65.88854702326572,4.017788006543243,1
11.752624677710488,39.386440565415846,9.938483888996982,1
64.92103021160635,65.12329770414921,8.80314762148927,0
74.60448792654233,10.659303030799073,6.234059581594401,1
58.336876509715964,65.7845304603036,5.693773611822827,0
96.21725484745419,99.94137257706666,6.2066047982458405,0
37.48705795237041,4.821203886055603,2.0131210782243327,1
28.571208628186074,97.71741842213173,3.951377432643186,1
86.85991281894603,40.690796072287064,0.3945953289089932,1
22.359583851945263,87.07534503372591,4.7554603748682664,1
96.32225394406113,78.23854840582734,5.4302458395766315,0
1.2154474689816341,56.70162609866678,2.277497361032096,1
96.98788267076391,73.84492092513266,9.640288471655138,0
4.315991195057611,87.8515561301348,9.09454610937242,1
89.11431136980711,40.4140321651033,7.221432354559059,0
52.77011090862999,32.70331615632387,5.333866287653626,1
99.29647961193004,66.75933855635847,8.69969159647685,0
7.379656473539886,80.78459419412586,1.3065234382346291,1
55.38542844013208,76.22851347766158,7.90509794274885,0
96.9302535619099,79.78136488586345,1.248208139668483,1
52.30978441701488,43.5583314812933,7.942106625494054,0
62.93986381352625,81.78342161750216,2.7576756825135695,1
69.57486889846172,12.020905537060845,8.770905810181889,1
45.454106476777326,54.448909796084955,9.440420938253979,1
62.75580800840635,0.575866049812157,1.4879596940511564,1
58.43143119231002,32.45858299002703,4.626756050653935,1
90.11580104909889,36.646153487139784,9.809873781626852,1
4.5446380341457875,39.61726916092554,4.834074359731466,1
28.096318959223034,69.54672066898621,8.635475225145452,1
95.04114840765587,38.85581012703457,5.887315221313198,1
89.02637838909163,44.86936226225306,3.753299079196019,0
45.56567527857129,23.754413087432745,2.857835555258702,1
62.013259780153675,37.325179162934006,2.0322309108608727,1
27.738118298113267,22.726962726315147,7.617981913776973,1
18.81211597237613,7.319592376844364,3.8654050682302787,1
46.36984049399822,60.34485933813779,5.112754622007511,1
35.33522280260528,66.82127985550163,4.9232548000118195,1
58.365611185087204,61.94903460096145,5.772790292331313,0
7.773463696498483,46.34940438005724,8.655771456245523,1
97.43948076661665,37.978578017922985,9.807393435834294,1
98.62107444796028,86.33336495718252,4.075842085738169,0
69.81617140197451,51.908178513621806,8.27518922106303,0
53.60963663441204,47.9181877629731,7.645277946547177,0
30.952761628632775,2.5642065806435688,5.735289514555733,1
81.37950197069486,34.12478276261564,9.56047143611933,1
68.47311725538793,38.019561878585705,2.004745155284028,1
16.26169393448913,39.88227808969005,1.0926421030962141,1
91.09271844938425,58.017236922733225,8.539619669554222,0
82.2537242923169,53.360254672687844,4.391498166337483,0
94.9799913291924,60.79050927934446,8.469688542070605,0
72.571950838836,76.48832615421283,8.930902051954149,0
61.34151959357899,81.29857387160935,0.6245759361907144,1
41.82430362906189,71.81230762264944,8.834647629860607,1
93.27284833540132,95.55236959549347,4.483190553694222,0
86.60638895004084,1.823258267636163,5.104324890042323,1
4.521867010618941,19.57779856835461,6.265925110932102,1
2.6366974497252005,0.756287497814212,9.263826067300867,1
37.64633668780496,64.7474714154603,0.1911609442976403,1
81.0553330781833,89.8030548949987,4.768434683178171,0
98.72761293149445,24.34822965762993,6.877220424305607,1
15.041689110352818,92.70345447963066,7.227069576982284,1
59.41307153521351,6.026739028956085,6.92532431537108,1
38.08908566310215,93.44360268055144,1.3443512940812186,1
96.99143978146031,35.16226872396344,2.9939558837168123,1
84.21189231357087,10.142082844921651,3.587155254170135,1
83.83287047111378,48.58717591863256,8.04437207679505,0
46.86931597949703,25.677656772050796,2.7875987241455302,1
41.48195023376652,28.487290196192284,2.1070496386720317,1
27.340707193070624,30.728996492628657,9.574480190380962,1
5.6375496650927115,80.30258978326634,0.088632851134689,1
86.47223762550531,53.91612766752545,9.978208556819782,0
81.29010091300776,31.130769915600364,6.768212988573956,1
99.97176732861305,61.03337833109184,8.28469299449117,0
99.66368370739053,71.61506742231936,2.9461939634619316,1
55.543170560262745,27.262400073353376,0.14315277667059978,1
76.89874151805105,41.354910152535155,7.3786951856153005,0
94.47657298824281,12.188609333694755,8.341445970006758,1
84.96473906774115,18.11493495346803,7.404761319535192,1
24.734810174319765,68.11178539649828,1.428502873008386,1
45.05441353100935,18.143834769562694,7.53427922256969,1
12.915941515149498,52.516338366706016,7.689227821076409,1
95.40510272587224,70.90462617224327,6.585405156700549,0
60.617463445088006,10.687692309474384,7.661159327955862,1
22.864280550346272,56.73122196289035,8.459214396777321,1
67.17006844058567,25.656278370136377,6.136041142374584,1
61.81282404578958,96.29268752375798,0.8860471396967906,1
35.81627180328405,48.35456467199247,4.876278096672109,1
11.355759219962902,80.59925497751581,0.7764933467160506,1
67.15731955927996,55.022654215626176,4.075430310324308,0
52.03077009037933,4.341253285481916,4.071064891256277,1
77.23183917356393,63.31513755940223,0.6600984414024158,1
52.01635011119934,95.14033422066571,3.488205339694793,0
85.21815003185401,60.16118201463312,1.1099809879131484,1
55.190683877448556,81.91888594267903,8.082352100092221,0
56.093797153538624,88.42064633484078,9.476880259644707,0
87.66536026583451,22.807977194893247,0.7231647525793861,1
40.3482866212397,21.204483990822666,9.551152072917015,1
13.401522845064074,61.09809888509917,5.225765993367451,1
2.8782676313338973,41.10284698067047,2.9956567795387388,1
75.5137255673619,83.98613028667204,0.7686207527616351,1
62.03095513534647,90.00231233980112,5.006242680704178,0
70.40797680992236,35.34213793027181,7.945155444907487,1
21.296416150891073,23.687055897448207,7.070864772666981,1
13.637147558676975,78.05255152438619,0.5022601146397376,1
1.4544665667881929,27.48060355481361,0.7290183536790351,1
35.058755880659696,82.26143185136785,4.028732826326371,1
58.991768685463306,42.37382536487628,2.9529049404794327,1
39.22440450997323,66.75498992914704,2.3238432305604784,1
43.747492202372904,9.553531383466819,2.810044989087136,1
90.41586944937484,62.3859324676573,8.034827432968846,0
34.82554670233004,45.17676787372291,9.29228053631854,1
51.39894891598108,58.66084631754741,4.051026945275664,0
78.3653012741143,16.801420774486342,9.061110021324971,1
39.65427823212701,73.68737449441821,3.21495701247882,1
62.20867002278735,86.27970775432286,4.764369863437916,0
86.23637087467452,21.673980009077564,2.260289978159997,1
94.9520623657642,9.571455552016172,6.404760421758439,1
14.707348092903793,2.3638586046336396,9.78981115174809,1
92.65876251614944,64.1971500443266,6.034930960433787,0
49.21162930795382,60.70940360887808,3.5781408411354887,1
25.824438829895836,54.669741271407005,6.478174459905284,1
45.913575623826134,23.194709611597542,1.2292067846538757,1
98.0032575285477,39.09059959055147,8.886590802653986,1
49.26180939928696,59.4476335186173,5.030839507798364,1
32.875161028750824,49.67668588591694,4.49349742039642,1
63.34008543167258,98.77855202148874,5.858647884535192,0
24.014561877819308,13.643975255673313,6.2478386278940246,1
7.586332810866391,69.51445540475937,0.7177580622651303,1
12.887972191064922,40.431876810429216,6.826172212234024,1
12.804583895777244,42.819961492561475,2.419316803155296,1
15.190269351229436,71.75977656581762,7.139526325065898,1
13.882717264941014,69.24361513243696,8.225347943841967,1
64.08747448032146,99.12559937021884,8.039585075525203,0
18.188008439914483,12.839428945412523,5.525009674078891,1
34.56672833238632,10.410964938416633,5.201698923107512,1
89.67884099060119,72.43388171287411,1.4287596133941172,1
47.39616402628724,57.83869170064091,7.753461504031356,1
66.75577385210272,27.416066655980586,2.7140938044671437,1
17.231987120162984,7.9419368988986605,4.966954228179466,1
19.228901880867078,8.565824959643054,2.842740929275167,1
4.086861626647886,89.41908746641182,1.3382836299969314,1
16.893506307216455,19.18673247187429,6.2955769689173655,1
27.85903390319586,32.33715621155208,0.5433203482290383,1
17.70104842767468,22.6656402226988,7.486452341262,1
8.87025337570556,35.49963058319373,3.1758679526111666,1
12.06358711006008,6.942384274609337,0.0013469300448532007,1
46.077876803272574,51.90597909082704,5.111291392372298,1
20.63337184057925,6.76125635922149,0.46851908527603126,1
36.42698610480755,80.03565078223616,2.761695578208995,1
50.34172708548569,23.3712081910433,7.069764874557162,1
69.03948286293652,54.00119146045106,0.6268962162186587,1
3.9312139841098936,88.00790875614582,8.393384923560024,1
79.94103989090426,65.08773690471942,0.03819922658583108,1
62.79003894909078,53.29577865513353,2.4682386920190225,1
8.17590319488719,32.43337531153756,7.409040561520714,1
87.35786241067773,33.300191305819794,3.162701497293068,1
92.08724005318132,66.94869551981901,1.0189238806601353,1
6.107795985486375,99.41393612211675,3.6023391880042785,1
27.687764814720374,66.18391898493786,2.7039328638452553,1
80.62012797930613,55.77834173700249,8.427119021605549,0
74.82596903836584,73.06505102392461,3.1334791758514315,0
18.45210193563773,46.52056122837182,7.889324717760072,1
20.93493233367103,6.0142342600785215,8.918721448107348,1
37.0472102791382,56.22968158779098,4.338174195765295,1
48.45229851910213,95.76252845053801,9.09943143854392,1
61.825477153029595,17.530294235765965,3.7731805396319285,1
36.891363956977244,69.00048908206658,9.640784164901081,1
46.25347161331479,20.093368865905646,0.8928952452557293,1
74.74709381337566,53.582768447308126,6.870192665032428,0
3.66832028905979,9.667644964671961,4.938140404569287,1
25.243694434402077,45.037093625818514,3.8764880545564706,1
71.33495858845524,75.61633288952461,6.327118787486009,0
89.52068376871993,34.757152423898205,7.038570916343312,1
51.167744211566614,66.4911724487218,0.04363269650309087,1
53.211348526531566,79.54499607897291,1.6695308874719872,1
10.717201133977605,92.71778194794527,7.130460506343187,1
44.741236682345466,23.464208185545353,6.663854135782064,1
53.261726645502314,39.931591580930814,9.660475051286772,1
24.247050363472965,15.241601333041743,7.61037790250783,1
26.924323094938096,99.24835021583752,9.50772707731338,1
37.728416310462265,92.70009679242953,7.02540501534807,1
2.007119777772637,53.99571302805596,2.9805220863944317,1
32.20791655831783,84.20332943764213,1.0536492225085647,1
21.144800699654464,52.09579772720422,7.818238633449356,1
32.74973521779147,62.35856880027597,6.441492214759159,1
11.976213181925122,8.912443211601662,0.4818601239329623,1
89.0527280739895,75.52704204968079,3.6005046590097836,0
59.359245355404866,12.771348363523483,9.567998154842861,1
67.91023191444896,82.60676302525283,5.0040114571020125,0
78.91712386073382,78.20280876703859,4.327291360197046,0
49.84421989290573,70.87446977429764,4.57699605159294,1
8.69202880874237,3.6160380524762115,2.0888272400516374,1
53.71065418185478,30.31283559453286,3.6870717086479523,1
58.68411180208791,26.311256991084285,3.698132559871766,1
74.54394741843299,36.01364074715191,0.523550201874724,1
43.16595462296794,8.764274676383854,7.675676285179183,1
12.758030279556376,93.69578230310628,4.16504431903879,1
28.377590579872447,55.38022407123763,8.221798868164234,1
36.30822963986351,30.552431065802356,8.503480011198954,1
64.59172413316013,39.698151707428345,2.1199405469865806,1
57.077830466891186,44.72025405048357,6.573534821701285,0
35.60967258978462,60.05943333606173,4.722818041629817,1
98.65152487929797,51.567942769649775,8.80156737921485,0
60.577481935688716,91.93919732144174,2.157406791764541,1
23.72267917359945,49.696348290583025,6.778132003100442,1
10.178247262040374,99.21580148233127,6.077521222527226,1
15.285913918433202,85.14249577450957,2.953014775718328,1
24.595772838450813,20.85105143573358,1.3660090365117261,1
16.06813732595557,93.05952146439162,6.516397604772766,1
18.656702405130577,11.636639788547608,7.385974581323307,1
28.50951686938471,81.74497084911916,3.1562734376334998,1
17.33735952947548,38.06232934765801,6.448326040223138,1
89.67654246264252,87.79743204450695,3.9513090761150327,0
8.023374566164222,86.80566901074504,7.132068832826177,1
52.451138957025464,80.59254001176211,1.992152748940531,1
41.03968269896615,79.00304363070614,8.902150026361744,1
98.23786169086064,30.46791390980408,2.8740959646557975,1
11.203890216805235,8.091928305125219,3.677859877561529,1
39.785559904574164,40.29801787651615,0.5809195208034978,1
96.94704332753689,17.35245149865087,1.115122123212764,1
86.55071258939803,69.49510889024617,5.158619027123281,0
81.707207094928,34.609972653778556,2.675926767279715,1
25.790282704493983,97.56102008599149,8.354802257421944,1
17.088758739006582,64.0972077345332,0.14693388654953843,1
66.8643219924431,82.24805636343609,3.7909404867193617,0
92.93759891275857,13.252467274184843,3.3734554676909267,1
55.67628930139298,86.20144822726226,0.19327630917601035,1
57.161268946989985,92.27571905133944,1.2436839900051022,1
27.997909366028416,48.70619188189359,4.136426749186352,1
76.94929331919369,60.625293775097745,4.928645844474467,0
18.704374855752338,76.48098009029954,4.042897472548691,1
32.367923640424365,17.483862726041256,5.309376784120938,1
42.54364386164168,50.25660764634424,5.951316749056815,1
50.7610378684455,39.86630277723131,0.0992382112783563,1
24.240973241508023,14.63739921622491,4.640951594535039,1
11.483682473920354,36.753442229153144,9.634992408875883,1
61.06200424416326,6.817230938549357,5.190322801295487,1
28.863055324025577,2.5811906949486985,6.775422674589532,1
58.123822142261226,13.516628915482276,3.118638579168832,1
15.436271527420232,96.31151115891738,7.739913781527625,1
48.114010185481746,54.952953589501696,7.729214818761151,1
53.258943255158584,96.582216115322,5.212960476541389,0
5.182353682242691,43.2497878330132,9.760138232792135,1
33.660427819392055,31.181613308525957,1.2555021476265338,1
13.441467693897424,50.61418628402441,0.16947664889580993,1
6.337497047276774,43.95116886329101,7.701582117570959,1
98.99602323899452,10.566468426174392,8.071555373648826,1
32.235384497472296,64.08263146902063,1.2020722912057624,1
80.98744458546349,21.60381825095996,2.6558283295860607,1
25.464065476376383,61.95879548978296,0.1755236336662891,1
68.15027222239293,65.02010923981534,2.933086107805647,1
76.02278598896865,15.20248531286481,7.731418739186715,1
59.56387406078443,6.134962711066816,5.179605277125789,1
47.15761885501584,78.07615860684398,3.480955931682881,1
41.18409141472685,45.98004237693202,3.717392949063303,1
34.88682665429953,5.816379550547579,0.013536257154681541,1
92.95291442478259,99.48663171697672,2.9980052756523587,1
83.06194077877291,5.778056099636664,6.464587416379305,1
96.50269106665125,69.50352288585532,9.741944438163571,0
12.429722348554472,98.36789252634136,8.470608269838994,1
73.08674752036443,23.918010421592562,0.23594964645529126,1
93.83404568210378,14.224936868719617,8.985606046748394,1
18.123306616566015,12.138493942242889,7.83198413298626,1
6.6496267366777495,30.327514756759555,7.803761235709804,1
74.11206492900591,10.10458110106467,4.579957590035715,1
57.44731131799119,69.2161341694132,3.980052929545028,0
84.1828776758272,6.229179813006269,3.029157288331926,1
13.97723766262895,50.94221281497897,0.6569485895436578,1
79.52673118598902,99.66968538529768,2.282353634936991,1
20.162732004774455,81.39702695060188,2.4660363497802464,1
16.36559428657045,61.52194382310109,4.840770697102016,1
16.426579793099293,30.625362078661166,7.4744440659669396,1
81.45747202313821,62.389583629163845,4.7380982839794665,0
66.51972206962002,52.70414639116516,0.5784444944716061,1
52.30654247691193,42.60833838903715,9.57789800988204,0
35.88304841235025,13.071037674019948,9.427243190941123,1
87.72005408131082,88.66042152404667,7.851895431484084,0
39.244510742263536,44.97846488213225,9.913279015642205,1
81.65994394715771,19.462251182076507,5.444823328002629,1
43.91349085702184,36.77593508772896,9.627683502532062,1
37.69444294249076,41.4129752528927,0.7560504061675077,1
46.26797856696064,82.75378955668742,3.656807482613713,1
30.13778741641421,73.3614380561402,2.253812680067658,1
74.76093801762511,76.93048936413398,1.9583308413427003,1
50.27203900924791,1.1031264428647214,1.4080294889267608,1
23.22126951468173,41.615399817976154,6.224136415659967,1
89.95745732745685,48.13441516353236,7.813218557473051,0
38.38912213732114,1.9192276823056686,5.782983994203606,1
54.35528611139886,25.98132087450342,1.4696270958820967,1
90.6472110964547,76.0289823122135,8.111237699334708,0
62.42379959139921,13.710970572899905,6.359547071637285,1
11.689804070836407,53.531013145259166,3.881657061269955,1
93.98321236134751,21.52018720172375,6.74130295536063,1
62.770805307141785,1.2120774643893273,2.5990497924283282,1
33.49056146570861,24.12014575995415,3.451922084942105,1
13.927207266338726,97.58737549100537,9.174858431319903,1
79.4025189270296,80.15371118829896,2.905045056714204,1
62.00727559285135,95.95766443210334,4.699882681579366,0
53.34610919763215,48.785404392636245,8.901411373960146,0
89.38925830509577,10.973619867750351,7.077213502675274,1
78.85972112245308,54.79594889736929,0.6220322616470275,1
15.167487973275119,45.43773345599609,1.4730304427897034,1
31.172206779554823,84.4357082739616,0.07841590771916818,1
24.848913981446575,9.808258078424458,6.309217902291634,1
74.3946292572677,48.82411370217782,4.4767342541041835,0
3.353243473577938,15.004866469398426,1.3427485090227553,1
56.98896848713165,32.467592689006,9.579341210567705,1
76.24586857406905,73.73570773877996,5.296597239456199,0
87.67656367617495,47.601812936876655,2.418932941128892,1
34.20817487159075,37.58882851457693,5.006035711547075,1
82.12573046720128,39.44762785700353,6.796203327351078,1
11.063173695520723,45.94467684059866,0.7623921797356448,1
84.64522917345182,78.50165438370568,2.74703815047892,1
12.748866233198243,89.20846889402344,8.069654908839937,1
39.72872905603673,95.53346865039283,4.596648704026612,1
79.72953657795536,78.6903386255295,5.465771420322949,0
14.991742734877377,31.540689574801274,4.328160022094693,1
22.92513952326415,68.81347060865421,0.4389994264300512,1
72.22525683930662,43.760312405539196,1.6574977982015593,1
72.00365365460743,25.467062204605117,4.455416387418909,1
64.11476328852973,84.08715794259226,2.0918546540792784,1
69.39484444671,3.8426348962324997,0.49979028659678737,1
54.27244433475962,90.17619921354235,8.436496640518238,0
25.179905890695274,46.147746462473414,9.811925291641158,1
34.56959935039195,63.72014768082804,7.931428739967394,1
18.159771680142565,65.93539222057827,8.53784921704667,1
90.84505613336283,89.51177407065364,2.419771303170454,1
58.339179476612046,63.66696821672073,9.606269755131997,0
40.08514167636399,61.39335847600618,1.9692570445342839,1
46.20058036441327,6.665204056068996,9.514298103618323,1
94.72833396118153,51.84080219452041,9.94819293965951,0
15.33514031160802,15.016900081704165,7.117228057460487,1
58.62298320167972,73.74337687214856,9.81143731791822,0
50.5888678884466,51.22219208126745,5.695397795671036,0
61.14542354346478,68.02277792083532,2.595417831760903,1
1.8110183820840509,4.167290060238427,4.369958856656209,1
87.21239089441515,8.479201604580322,5.93560935378786,1
93.21182824836124,71.63233880626822,0.7308156202701499,1
56.51331835892089,7.208433599867337,6.223432646172461,1
69.66508238768922,7.12567277652586,9.811778367622946,1
92.24993811772957,1.210847523488745,1.9010764978372763,1
70.72386343133986,95.65013982994802,7.925951162883833,0
15.253904291426135,73.75083594590069,9.078987937796194,1
57.62883601668132,35.32514085020642,9.437015928202207,1
60.67150463828559,29.65355812876552,9.601356044054473,1
42.4130671302386,34.97032297458495,5.214596387214719,1
73.64442356247228,77.46535311811819,9.773079079915037,0
93.43670147690149,66.13706110704143,7.573102071344389,0
92.55685129067763,18.519556786746794,1.616714362369619,1
45.08393714041321,17.410933533408436,4.7690010646797,1
11.323804584075525,9.839564971339732,7.18331175372004,1
98.48411989623345,66.03027197013381,2.473403158190833,1
83.88980864459342,76.43726622217359,6.406151835488874,0
12.466268120326685,26.5046428325004,6.666004790466192,1
92.08418826173724,2.094496103091281,1.6269974380856589,1
86.98963620621282,8.217166747642734,5.650853124527563,1
51.88380571260721,96.78600348450304,7.716269109786077,0
59.127543574492925,29.544477747742025,4.988956645359419,1
39.90027038701302,76.92231478381336,0.12103116776107425,1
5.476163882203133,62.46635688542638,0.09038469079292177,1
33.519724164590095,38.19396396528959,3.570293439700122,1
80.28534485980114,20.56872621955551,9.26194068431782,1
0.4632023004602859,12.138641815940643,2.286767796036088,1
33.34991716911442,61.50129680388666,6.343636888716872,1
39.81686935909433,77.4633780637788,2.2207587069332058,1
53.73956029379229,64.39042535411306,3.216699896595486,0
91.98556164127605,53.030213324915835,8.48042089601484,0
34.634599436596126,4.195122343163627,7.288614422699469,1
34.69532018962277,96.84887775943838,0.9539927731321063,1
73.75012481097484,79.87141916545745,4.287020209864336,0
45.221794088980715,29.282203670096475,0.2916976364526447,1
22.460482293998197,97.99703293588506,4.80890146603009,1
45.24395161326934,60.18815896363221,6.62434011701068,1
14.085702037979985,58.24226582072465,1.1850262359815156,1
17.63869865062233,74.8073179429532,2.8888493890916567,1
49.83677727394797,81.17697880901376,3.9783662550215695,1
41.89254495045479,65.64786073315027,9.195310246560497,1
91.48459010681,12.809574636620003,9.93255015422964,1
36.23938991166331,33.82675059944984,0.44911298995615856,1
58.05883502780434,92.80836403260497,7.61007923495392,0
63.22642879195304,22.461561184385193,3.717240664023432,1
1.3094456588333636,37.21670238375133,3.9245818622948003,1
66.35373720167107,43.2076882944196,7.542649733470227,0
17.803596686975144,43.940498969445215,9.184264321454087,1
96.10703174694551,61.29395824945255,9.509285945025484,0
14.866272775311295,94.30758377447076,5.771225860383208,1
41.462412372702374,24.069271183250496,3.571211593005028,1
8.534966807864386,12.150137630091805,7.875490858587792,1
99.68742518459473,19.747048985993732,2.5100138326230024,1
50.21950103312426,88.69249002092695,5.640740288335177,0
59.53850173200438,64.5810812655206,3.5857846152487314,0
6.7076477388427485,28.590678923916013,6.566310737078761,1
74.99604703991778,81.59469389686173,2.403989128935069,1
20.990559309558577,86.1369996363436,1.9159294573482577,1
89.80542894407138,84.6514338690278,9.182390866754371,0
20.513964048200716,91.89265336395545,1.018036829495369,1
19.068772066366655,25.224102017336158,5.059579077349317,1
3.654966784809488,75.50419287462783,2.208527829630089,1
47.206694510999924,46.053949727414,0.3892996332566745,1
56.48411332626164,84.19985528900615,0.3601881829142639,1
6.570863942835237,72.84906771616131,1.7522177210582734,1
77.55276166950105,77.64474464997247,8.667703545060002,0
45.32888347480276,65.61618376810715,2.8247874397702666,1
52.439026932758004,17.742876946970686,9.504591705752958,1
44.07627469382282,54.502691889693835,5.816222929891936,1
40.0763060875326,98.46697395245081,4.366141897687661,1
55.96403313082179,93.73880664971189,5.800888346694546,0
15.52402459307125,4.317373579701167,5.166983852262677,1
18.19281304952711,16.481481572943714,7.587762537573251,1
86.17856210135173,13.172877345456191,2.8249606597285224,1
94.61154621336327,72.59799099852955,3.530503916003024,0
37.330931627975296,81.77853298569451,8.940943025332507,1
27.074467314355378,21.35113663106719,9.464565131504054,1
64.39995432390158,50.5852692951829,8.925582274864745,0
40.87341710980964,84.07030280112,4.194479939573136,1
2.538635566034486,73.28015447662506,7.803655030068817,1
15.615259736619036,54.223720549184826,4.763357333010988,1
71.59722288473975,59.03476904587729,4.975398521461022,0
65.89239419101514,50.83605469162799,2.0468010905728393,1
2.709599250348349,29.754845131882057,5.911303032585165,1
22.197216193294945,56.50219928590161,1.8613589775334793,1
23.10747965880714,68.88853020500906,3.3156469906719375,1
67.18927435987284,87.33229158608077,8.550302016199351,0
1.9710537754364155,63.629135397924806,2.0707580921085524,1
10.410858198457385,76.1121537043158,0.7115828517343281,1
79.99160853731894,16.0071634954573,0.690075926128163,1
17.85446620543336,46.15574744197899,9.407845205031078,1
65.27461078518748,0.9331619827093296,5.069204379618347,1
23.81827810467265,24.667886452162303,4.094120718170183,1
9.944139275934516,72.64617151130048,8.108785810079183,1
24.317219099945408,99.18099513493634,8.35825927910516,1
72.22669318556592,9.917809958721591,3.321910331156046,1
85.56964681062857,40.14943158612883,6.936180574737953,0
83.02198645669915,80.00709686991596,7.711228158518866,0
39.71835296184548,20.403563462889885,6.546506868659545,1
66.80851365706462,55.50849493022862,1.5159507480009937,1
20.498429541582098,73.30712960296748,8.75883083517057,1
29.314773026101328,61.5985450260179,5.390945527360087,1
89.63358185211197,18.802473461541613,2.8247242637000367,1
1.3001923510736035,35.538456868573945,4.252281854376939,1
8.550853085446807,78.37917844853972,0.3757109039890738,1
20.78862551460273,55.42265141320166,1.2786680122241756,1
2.6532203873819715,0.5229613542912737,7.655467505158608,1
18.143543508979732,76.09907600280938,0.00011634755366141114,1
58.304156096969216,3.531135494023907,4.165658284822921,1
42.1424550592498,74.57337827312321,5.225101810855884,1
89.26717110769748,20.24805601652374,0.546344200009723,1
81.7443561738441,95.80734801193802,9.730781629723328,0
34.1817351697876,36.79407513020845,2.261253312496719,1
25.94234334312925,32.69316163380791,3.0419871963628085,1
37.96924081672669,14.888805033244468,3.0394251225502735,1
59.02949425148078,30.560421549021488,2.304166621173499,1
26.806364082287626,87.66507618282006,0.01473822086311416,1
62.4148907849134,99.63343376272474,7.293447940879964,0
40.941165219124045,36.83095305068483,9.668454997992853,1
55.204718085198024,44.861063095454256,2.242934832850451,1
43.61265291353167,72.2070938202737,6.630471918034225,1
29.44657595419177,88.61957804650746,7.418963269587151,1
94.84533069621567,59.304433418678414,8.484253790905248,0
76.36057941597608,39.15256981778293,4.226291970136091,1
14.011317576645254,41.262184084862376,3.0293090564042924,1
86.84679758979128,69.56181464968068,3.252951340230311,0
48.743119824951364,0.32182636042786816,7.126213330985128,1
89.45522268940914,61.95893374598407,8.16779466505636,0
79.98552559473153,35.54930104413574,1.8161396775660266,1
42.52135044692334,79.41973312770843,3.7094100815776523,1
2.24693083201174,9.299063982313216,9.0194019674915,1
26.867735938494608,58.82022669483905,8.066935196947393,1
54.16342146608669,48.09728898861238,9.848584027624758,0
63.347821982614725,64.23255259052274,7.542482596820808,0
25.788768543320227,6.485359448296835,3.9319520102792227,1
13.935607407282413,57.99837874281313,5.906378339946378,1
83.4930236799299,56.14845879595237,6.610142542473203,0
98.44021807035521,56.06600944161709,0.7845581631712395,1
52.56901823026858,60.34876665964548,5.444969591038651,0
17.16792858483035,67.64679372263622,7.093208284726096,1
27.230732651936897,80.49889996807697,1.6732130400106038,1
1.8390676547466733,26.982072012821433,7.806317174255572,1
91.4298806560499,82.5049410180062,5.8377278051411166,0
11.775108289014113,49.82556822634536,9.522217856975946,1
57.651647551425356,7.705827913433117,0.42422298206891695,1
27.4055220687206,5.85509292439792,2.6532613755546697,1
55.417800251579344,33.42383186960608,6.015538792998241,1
65.14203883518643,78.48969771114676,2.9655991220593068,1
82.97418037072016,70.76809347409157,7.144241640712422,0
20.64212717606032,78.86149646724064,7.59005282521931,1
1.0995828658480478,51.72690564416094,1.0251596406647445,1
13.688563006880727,44.01989979554906,5.138544642067677,1
90.00186418481051,14.745252670628394,5.088905555910559,1
87.38900775625153,32.81927536093116,3.6928077021554104,1
59.74131021703083,43.40193661738753,9.32924862569672,0
60.051686043365336,8.860042967961723,8.275063198732212,1
66.50366745462554,22.061195271121125,6.972093819096368,1
17.53712786234496,59.82252940637388,7.143266357349976,1
91.44119459249598,73.56631142391899,4.617161438131191,0
41.87705248920731,99.83475113929497,9.209945210965758,1
38.31385282494975,93.31133313435576,6.945954272532854,1
51.89177052828376,64.25651995351916,7.289810616558165,0
4.696596677505505,42.1248053294072,8.616909037873452,1
16.628336875607943,63.617736470823274,2.74071589342191,1
73.80336164263704,78.56516180802319,8.07070903866703,0
8.279866792512646,11.833619092338733,1.9524060295649204,1
60.31521094663882,40.99048896962883,3.453419522448878,0
24.534910968132095,83.98022856356172,3.356104542698427,1
38.929561404197656,38.3832951933044,9.785254683891406,1
28.869373677069987,57.18722712271865,8.565372237479268,1
35.567271646494916,58.77693608621982,7.011698615902597,1
71.90459051842456,18.447625313363936,7.270567616153901,1
29.7121715623175,36.22354416522884,5.6207279440257105,1
56.64046402968972,33.451128874193216,9.47090667108519,1
47.60504021990997,2.6196708532064794,4.962587528823615,1
66.36711653626482,2.4191763891355245,3.8051770986989455,1
93.6829739324758,83.16970436757735,1.63035336931591,1
73.25720972102503,27.30708099728124,7.86205652261058,1
21.494037859075675,51.80787662388154,7.344439320755915,1
3.1183135061284672,29.872557358877305,3.8435503852413486,1
26.22640442998251,94.06792451153404,0.2519341395922936,1
59.507793070025485,25.929675886577375,8.389973277180108,1
5.1425813484250344,42.96568127389351,0.11417983454073632,1
49.636624720123635,87.27302504846018,7.0369977962905095,1
59.68428489168892,84.19335667918087,9.70257109726057,0
33.424389081696084,18.610141784627732,4.376613281482035,1
77.09122037458219,80.26433097957104,2.349734049959528,1
10.65982531337718,45.81868867378927,7.0487101004338175,1
7.513778173580876,48.29688720853552,8.171281420155852,1
72.81887562036033,13.347997241594378,5.464303160778473,1
49.549131620619846,8.060151375712465,9.670352752561461,1
68.84023964277361,72.79393069737652,0.516687216579611,1
43.48273386037462,49.646115235529976,5.047955983045282,1
24.640203323910683,43.68507026151796,7.184539473225501,1
81.91023176741997,72.95082286523967,8.626404711491789,0
79.94158789689793,76.55128989911097,1.7925561190779005,1
69.46964708544267,15.890816766935355,8.000034817636815,1
27.21451372299627,61.02251494776413,5.527070757185452,1
59.023066686908706,13.535408227768553,3.965536819899632,1
36.09738969400268,75.13750860290457,1.3171502857909356,1
9.158207332663416,65.69551562671396,8.652957589089125,1
91.73135754622427,95.6614621083458,1.5727320817971535,1
13.68186309189614,6.895801635642118,3.0978785920909924,1
95.02373538208025,5.705472115125431,2.9004553196243688,1
44.600577295795574,28.218707469320016,8.714140341908543,1
